<?xml version="1.0" encoding="utf-8"?>
<resources>
    <color name="black">#FF000000</color>
    <color name="white">#FFFFFFFF</color>
    <dimen name="_20dp">20dp</dimen>
    <drawable name="menu"/>
    <item name="drawerLayout" type="id"/>
    <string name="app_name">My Application</string>
    <string name="close" translatable="false">Close Navigation Drawer</string>
    <string name="gcm_defaultSenderId" translatable="false">219442121068</string>
    <string name="google_api_key" translatable="false">AIzaSyCQS50V_7GU-Z5tbEdP4y8Fw7XRUKzBuAE</string>
    <string name="google_app_id" translatable="false">1:219442121068:android:a9fc7026f1a0eef4e0cb49</string>
    <string name="google_crash_reporting_api_key" translatable="false">AIzaSyCQS50V_7GU-Z5tbEdP4y8Fw7XRUKzBuAE</string>
    <string name="google_storage_bucket" translatable="false">my-application-30f6b.appspot.com</string>
    <string name="name">Name</string>
    <string name="open" translatable="false">Open Navigation Drawer</string>
    <string name="project_id" translatable="false">my-application-30f6b</string>
    <string name="sign_in">Sign in</string>
    <string name="username">Username</string>
    <style name="Base.Theme.MyApplication" parent="Theme.Material3.DayNight.NoActionBar">
        
        
        <item name="statusBarBackground">@android:color/transparent</item>
    </style>
    <style name="Theme.MyApplication" parent="Base.Theme.MyApplication"/>
</resources>